idna_subject,checker_type,destination,tested_at
8a1ccf65f2b1302.com,AVAILABILITY,domains.txt,2021-06-02 23:19:09.930845
a1a5ab31bcd1bc68.com,AVAILABILITY,domains.txt,2021-06-02 23:19:11.702981
acidityfoamy.com,AVAILABILITY,domains.txt,2021-06-02 23:19:14.988085
ad131m.com,AVAILABILITY,domains.txt,2021-06-02 23:19:19.334768
ad.99x.mobi,AVAILABILITY,domains.txt,2021-06-02 23:19:24.295948
adbetnet.advertserve.com,AVAILABILITY,domains.txt,2021-06-02 23:19:26.234608
adbroker.mp.dse.microsoft.com,AVAILABILITY,domains.txt,2021-06-02 23:19:28.104417
adclient.163.com,AVAILABILITY,domains.txt,2021-06-02 23:19:30.166051
addan.xyz,AVAILABILITY,domains.txt,2021-06-02 23:19:33.032134
adgup.com,AVAILABILITY,domains.txt,2021-06-02 23:19:38.636702
admob.la,AVAILABILITY,domains.txt,2021-06-02 23:19:52.229081
admob.llp,AVAILABILITY,domains.txt,2021-06-02 23:19:54.184793
admob.tk,AVAILABILITY,domains.txt,2021-06-02 23:20:16.322978
admob.vip,AVAILABILITY,domains.txt,2021-06-02 23:20:21.435068
ad.pentabox.net,AVAILABILITY,domains.txt,2021-06-02 23:20:45.835403
adrotate.se,AVAILABILITY,domains.txt,2021-06-02 23:20:49.241335
ads.aws.viber.com,AVAILABILITY,domains.txt,2021-06-02 23:20:52.721083
adscoin.ml,AVAILABILITY,domains.txt,2021-06-02 23:20:56.141286
adscpm.site,AVAILABILITY,domains.txt,2021-06-02 23:20:58.830414
adsglow.net,AVAILABILITY,domains.txt,2021-06-02 23:21:05.940524
adshost.site,AVAILABILITY,domains.txt,2021-06-02 23:21:08.880984
adtify.pl,AVAILABILITY,domains.txt,2021-06-02 23:21:19.797833
adtwbjs.com,AVAILABILITY,domains.txt,2021-06-02 23:21:22.516522
adversolutions.com,AVAILABILITY,domains.txt,2021-06-02 23:21:24.505161
advsmedia.com,AVAILABILITY,domains.txt,2021-06-02 23:21:29.303503
ae7c783736eb2ff.com,AVAILABILITY,domains.txt,2021-06-02 23:21:32.167184
aenan.pw,AVAILABILITY,domains.txt,2021-06-02 23:21:34.204314
aepetor.pw,AVAILABILITY,domains.txt,2021-06-02 23:21:36.206590
afletedly.info,AVAILABILITY,domains.txt,2021-06-02 23:21:38.312078
a.gerasopa.com,AVAILABILITY,domains.txt,2021-06-02 23:21:40.104568
agomwefq.com,AVAILABILITY,domains.txt,2021-06-02 23:21:41.826976
aifoosty.net,AVAILABILITY,domains.txt,2021-06-02 23:21:43.594137
aiwhebey.com,AVAILABILITY,domains.txt,2021-06-02 23:21:45.169684
alexrid.com,AVAILABILITY,domains.txt,2021-06-02 23:21:49.045850
allmedia-d.openx.net,AVAILABILITY,domains.txt,2021-06-02 23:21:50.479534
allmygreatlife.com,AVAILABILITY,domains.txt,2021-06-02 23:21:52.111497
amanasa.com,AVAILABILITY,domains.txt,2021-06-02 23:21:53.957041
anhuilitian.net,AVAILABILITY,domains.txt,2021-06-02 23:21:56.477315
api.digitalbees.it,AVAILABILITY,domains.txt,2021-06-02 23:22:00.837748
api.reon.club,AVAILABILITY,domains.txt,2021-06-02 23:22:04.030206
arana.pw,AVAILABILITY,domains.txt,2021-06-02 23:22:11.018655
arcartall.club,AVAILABILITY,domains.txt,2021-06-02 23:22:12.622834
arescadon.com,AVAILABILITY,domains.txt,2021-06-02 23:22:14.433808
asdorka.com,AVAILABILITY,domains.txt,2021-06-02 23:22:16.694421
asto-exo.com,AVAILABILITY,domains.txt,2021-06-02 23:22:22.485052
atarshaboor.com,AVAILABILITY,domains.txt,2021-06-02 23:22:24.282894
awesome-revenue.com,AVAILABILITY,domains.txt,2021-06-02 23:22:26.605290
ayclinical.com,AVAILABILITY,domains.txt,2021-06-02 23:22:28.244177
badokal.com,AVAILABILITY,domains.txt,2021-06-02 23:22:31.928909
becomspectua.club,AVAILABILITY,domains.txt,2021-06-02 23:22:37.403332
beratent.info,AVAILABILITY,domains.txt,2021-06-02 23:22:40.884800
bestnewsworld.net,AVAILABILITY,domains.txt,2021-06-02 23:22:43.719366
biggbossseason11.com,AVAILABILITY,domains.txt,2021-06-02 23:22:45.682906
blkget8.com,AVAILABILITY,domains.txt,2021-06-02 23:22:54.154253
blogginggyanbox.com,AVAILABILITY,domains.txt,2021-06-02 23:22:55.996565
bludoistores.info,AVAILABILITY,domains.txt,2021-06-02 23:22:57.909728
bobarilla.com,AVAILABILITY,domains.txt,2021-06-02 23:23:01.646068
bokilora.com,AVAILABILITY,domains.txt,2021-06-02 23:23:03.410210
bondinra.com,AVAILABILITY,domains.txt,2021-06-02 23:23:05.018572
bornate.info,AVAILABILITY,domains.txt,2021-06-02 23:23:08.144906
brinein.com,AVAILABILITY,domains.txt,2021-06-02 23:23:11.284215
bristlyapace.com,AVAILABILITY,domains.txt,2021-06-02 23:23:12.956285
btzuecidcshmmv.com,AVAILABILITY,domains.txt,2021-06-02 23:23:18.801835
bulbazoa.com,AVAILABILITY,domains.txt,2021-06-02 23:23:21.136207
buyitonline.store,AVAILABILITY,domains.txt,2021-06-02 23:23:24.187530
buyxiaomimi6.com,AVAILABILITY,domains.txt,2021-06-02 23:23:25.875041
cactions.pro,AVAILABILITY,domains.txt,2021-06-02 23:23:27.678549
camtinolc.com,AVAILABILITY,domains.txt,2021-06-02 23:23:30.496769
carbian.info,AVAILABILITY,domains.txt,2021-06-02 23:23:32.293800
carutinv.com,AVAILABILITY,domains.txt,2021-06-02 23:23:34.116425
cdn2.ufabet678.com,AVAILABILITY,domains.txt,2021-06-02 23:23:36.576917
cdn9now.com,AVAILABILITY,domains.txt,2021-06-02 23:23:38.768200
cdn.braun634.com,AVAILABILITY,domains.txt,2021-06-02 23:24:06.781702
cdn.pulpix.com,AVAILABILITY,domains.txt,2021-06-02 23:24:16.357403
ceetoaho.com,AVAILABILITY,domains.txt,2021-06-02 23:24:21.335944
cegludse.net,AVAILABILITY,domains.txt,2021-06-02 23:24:23.008172
chanicut.com,AVAILABILITY,domains.txt,2021-06-02 23:24:27.726275
chouphoa.top,AVAILABILITY,domains.txt,2021-06-02 23:24:31.766829
chukalorqa.com,AVAILABILITY,domains.txt,2021-06-02 23:24:34.011399
chygam.ru,AVAILABILITY,domains.txt,2021-06-02 23:24:37.044927
ciridola.com,AVAILABILITY,domains.txt,2021-06-02 23:24:38.863865
cklad.xyz,AVAILABILITY,domains.txt,2021-06-02 23:24:41.534930
click-cpa.net,AVAILABILITY,domains.txt,2021-06-02 23:24:43.596036
clickforward.net,AVAILABILITY,domains.txt,2021-06-02 23:24:45.455442
clicknety.com,AVAILABILITY,domains.txt,2021-06-02 23:24:47.058093
clickr.xyz,AVAILABILITY,domains.txt,2021-06-02 23:24:49.865685
comandofilmes.cf,AVAILABILITY,domains.txt,2021-06-02 23:25:00.087168
completeexecutor.com,AVAILABILITY,domains.txt,2021-06-02 23:25:03.035386
c.pubguard.com,AVAILABILITY,domains.txt,2021-06-02 23:25:09.376888
cuikcg.com,AVAILABILITY,domains.txt,2021-06-02 23:25:13.574001
culsauwou.com,AVAILABILITY,domains.txt,2021-06-02 23:25:15.052525
cycy.kxrxh.com,AVAILABILITY,domains.txt,2021-06-02 23:25:17.471152
d144jmuhz9kvbq.cloudfront.net,AVAILABILITY,domains.txt,2021-06-02 23:25:19.060240
d14emrg9.com,AVAILABILITY,domains.txt,2021-06-02 23:25:20.738782
d4fed03105c9f65b.com,AVAILABILITY,domains.txt,2021-06-02 23:25:23.474461
daelynn.xyz,AVAILABILITY,domains.txt,2021-06-02 23:25:26.496800
dagasaka.com,AVAILABILITY,domains.txt,2021-06-02 23:25:28.852156
das5ku9q.com,AVAILABILITY,domains.txt,2021-06-02 23:25:30.809815
data.permittingnorthlandseamen.info,AVAILABILITY,domains.txt,2021-06-02 23:25:34.765764
dbaof.com,AVAILABILITY,domains.txt,2021-06-02 23:25:37.494162
dc121677.com,AVAILABILITY,domains.txt,2021-06-02 23:25:39.168566
deoi3kwqhv0d5.cloudfront.net,AVAILABILITY,domains.txt,2021-06-02 23:25:42.155313
destinylocation.info,AVAILABILITY,domains.txt,2021-06-02 23:25:45.162686
dk7rftbivnkgr.cloudfront.net,AVAILABILITY,domains.txt,2021-06-02 23:25:48.686112
doaraifa.click,AVAILABILITY,domains.txt,2021-06-02 23:25:51.951024
docols.net,AVAILABILITY,domains.txt,2021-06-02 23:25:53.901488
dompegho.net,AVAILABILITY,domains.txt,2021-06-02 23:25:55.763366
doopads.com,AVAILABILITY,domains.txt,2021-06-02 23:25:57.365989
downlossinen.info,AVAILABILITY,domains.txt,2021-06-02 23:26:00.894492
drogomet.com,AVAILABILITY,domains.txt,2021-06-02 23:26:03.073493
dudebutandlac.info,AVAILABILITY,domains.txt,2021-06-02 23:26:06.842914
duhtate.ru,AVAILABILITY,domains.txt,2021-06-02 23:26:09.740338
durazopa.com,AVAILABILITY,domains.txt,2021-06-02 23:26:13.527287
e6cfmdmo81.com,AVAILABILITY,domains.txt,2021-06-02 23:26:15.441685
e7is2u38.top,AVAILABILITY,domains.txt,2021-06-02 23:26:18.249123
easylinkref.tk,AVAILABILITY,domains.txt,2021-06-02 23:26:22.295994
eeritsog.com,AVAILABILITY,domains.txt,2021-06-02 23:26:25.979112
efishedo.info,AVAILABILITY,domains.txt,2021-06-02 23:26:27.895853
egolina.com,AVAILABILITY,domains.txt,2021-06-02 23:26:29.661449
egygamer.egygamer.netdna-cdn.com,AVAILABILITY,domains.txt,2021-06-02 23:26:30.934597
eklcrpehu.com,AVAILABILITY,domains.txt,2021-06-02 23:26:32.736536
ekostreams.gq,AVAILABILITY,domains.txt,2021-06-02 23:26:35.716775
elamyar.pw,AVAILABILITY,domains.txt,2021-06-02 23:26:38.308653
elanatality.info,AVAILABILITY,domains.txt,2021-06-02 23:26:40.411251
enclosely.info,AVAILABILITY,domains.txt,2021-06-02 23:26:51.514697
e-n-t-e-r-n-e-x.com,AVAILABILITY,domains.txt,2021-06-02 23:26:53.355215
eshort.live,AVAILABILITY,domains.txt,2021-06-02 23:26:56.718833
estream.nu,AVAILABILITY,domains.txt,2021-06-02 23:26:59.166407
etrabandidlo.club,AVAILABILITY,domains.txt,2021-06-02 23:27:01.250605
eudoomizedes.info,AVAILABILITY,domains.txt,2021-06-02 23:27:03.312550
evenexcite.com,AVAILABILITY,domains.txt,2021-06-02 23:27:05.802010
fabolele.com,AVAILABILITY,domains.txt,2021-06-02 23:27:08.692857
fabsdeals.com,AVAILABILITY,domains.txt,2021-06-02 23:27:10.432331
fardan.pw,AVAILABILITY,domains.txt,2021-06-02 23:27:13.662125
farpeiros.pw,AVAILABILITY,domains.txt,2021-06-02 23:27:15.711839
fencemiracle.com,AVAILABILITY,domains.txt,2021-06-02 23:27:17.858001
fiv2yl8dct.com,AVAILABILITY,domains.txt,2021-06-02 23:27:24.060838
flashteaser.com,AVAILABILITY,domains.txt,2021-06-02 23:27:26.088452
fm6dz864.top,AVAILABILITY,domains.txt,2021-06-02 23:27:28.807171
foditgoz.com,AVAILABILITY,domains.txt,2021-06-02 23:27:31.077396
fophaumpoor.com,AVAILABILITY,domains.txt,2021-06-02 23:27:33.009295
forcedolphin.com,AVAILABILITY,domains.txt,2021-06-02 23:27:34.580283
forestbrowser.com,AVAILABILITY,domains.txt,2021-06-02 23:27:36.188826
fqsbi.com,AVAILABILITY,domains.txt,2021-06-02 23:27:38.561137
free-webproxy.ga,AVAILABILITY,domains.txt,2021-06-02 23:27:41.687798
fridrici.info,AVAILABILITY,domains.txt,2021-06-02 23:27:43.564109
fshet.com,AVAILABILITY,domains.txt,2021-06-02 23:27:45.333740
funcionapage.com,AVAILABILITY,domains.txt,2021-06-02 23:27:47.157805
futbol-envivohd.com,AVAILABILITY,domains.txt,2021-06-02 23:27:49.208510
fvtwyjev.com,AVAILABILITY,domains.txt,2021-06-02 23:27:51.094365
g1341551423.com,AVAILABILITY,domains.txt,2021-06-02 23:27:53.740315
g2247755016.com,AVAILABILITY,domains.txt,2021-06-02 23:27:56.377826
g2526721279.com,AVAILABILITY,domains.txt,2021-06-02 23:27:58.181409
g3369554495.com,AVAILABILITY,domains.txt,2021-06-02 23:27:59.877167
g344530742.com,AVAILABILITY,domains.txt,2021-06-02 23:28:01.719162
g36525192.com,AVAILABILITY,domains.txt,2021-06-02 23:28:03.468706
g383912402.com,AVAILABILITY,domains.txt,2021-06-02 23:28:05.189618
g4058683381.com,AVAILABILITY,domains.txt,2021-06-02 23:28:07.153844
galumbor.com,AVAILABILITY,domains.txt,2021-06-02 23:28:08.988177
gamzetov.com,AVAILABILITY,domains.txt,2021-06-02 23:28:11.870895
gdwwpvwq.com,AVAILABILITY,domains.txt,2021-06-02 23:28:13.992868
geesopso.net,AVAILABILITY,domains.txt,2021-06-02 23:28:15.769693
gersairg.net,AVAILABILITY,domains.txt,2021-06-02 23:28:23.079145
ghlates.info,AVAILABILITY,domains.txt,2021-06-02 23:28:25.648591
gilzana.pw,AVAILABILITY,domains.txt,2021-06-02 23:28:28.061465
glorinlost.rocks,AVAILABILITY,domains.txt,2021-06-02 23:28:30.615269
glxfls.com,AVAILABILITY,domains.txt,2021-06-02 23:28:32.730125
glynzumin.pw,AVAILABILITY,domains.txt,2021-06-02 23:28:34.796483
go2funz.com,AVAILABILITY,domains.txt,2021-06-02 23:28:36.423681
godibarl.com,AVAILABILITY,domains.txt,2021-06-02 23:28:38.142028
gog9.qzdfc.com,AVAILABILITY,domains.txt,2021-06-02 23:28:39.945723
golizoli.com,AVAILABILITY,domains.txt,2021-06-02 23:28:42.215057
gordipucha.com,AVAILABILITY,domains.txt,2021-06-02 23:28:50.592447
goverallyhandl.club,AVAILABILITY,domains.txt,2021-06-02 23:28:52.686391
gpjph.com,AVAILABILITY,domains.txt,2021-06-02 23:28:54.340021
grainsox.net,AVAILABILITY,domains.txt,2021-06-02 23:28:56.046162
graphli.net,AVAILABILITY,domains.txt,2021-06-02 23:28:58.076338
grebanise.pw,AVAILABILITY,domains.txt,2021-06-02 23:29:00.314369
groogloo.net,AVAILABILITY,domains.txt,2021-06-02 23:29:02.285228
guanglijiudian.com,AVAILABILITY,domains.txt,2021-06-02 23:29:05.142489
guckawoh.net,AVAILABILITY,domains.txt,2021-06-02 23:29:06.792137
haklopar.com,AVAILABILITY,domains.txt,2021-06-02 23:29:08.668234
hanaprop.com,AVAILABILITY,domains.txt,2021-06-02 23:29:10.281922
hantinlethemsed.info,AVAILABILITY,domains.txt,2021-06-02 23:29:12.102749
hariqavi.com,AVAILABILITY,domains.txt,2021-06-02 23:29:14.131956
hartookr.link,AVAILABILITY,domains.txt,2021-06-02 23:29:15.912035
hdfdfdjigjjcbegjaeh.ru,AVAILABILITY,domains.txt,2021-06-02 23:29:20.083116
hellobeyellow.tk,AVAILABILITY,domains.txt,2021-06-02 23:29:24.697419
helpclause.com,AVAILABILITY,domains.txt,2021-06-02 23:29:26.584604
helple.pro,AVAILABILITY,domains.txt,2021-06-02 23:29:28.319132
hidelink.org,AVAILABILITY,domains.txt,2021-06-02 23:29:30.730777
hitme.pw,AVAILABILITY,domains.txt,2021-06-02 23:29:33.504848
hitvhost.co,AVAILABILITY,domains.txt,2021-06-02 23:29:35.089523
horheloopo.com,AVAILABILITY,domains.txt,2021-06-02 23:29:37.528282
hottraffic.net,AVAILABILITY,domains.txt,2021-06-02 23:29:39.508267
hqtlbsglscrju.com,AVAILABILITY,domains.txt,2021-06-02 23:29:41.673854
hub.fghtem.com,AVAILABILITY,domains.txt,2021-06-02 23:30:05.731320
hugeincome.tk,AVAILABILITY,domains.txt,2021-06-02 23:30:08.012472
ianhice.pw,AVAILABILITY,domains.txt,2021-06-02 23:30:10.485475
ianxalim.pw,AVAILABILITY,domains.txt,2021-06-02 23:30:12.181536
iarvyre.pw,AVAILABILITY,domains.txt,2021-06-02 23:30:14.276340
ibjivzn.com,AVAILABILITY,domains.txt,2021-06-02 23:30:15.662994
ihowed.info,AVAILABILITY,domains.txt,2021-06-02 23:30:18.920562
ilinan.xyz,AVAILABILITY,domains.txt,2021-06-02 23:30:22.754189
iloadit.ca,AVAILABILITY,domains.txt,2021-06-02 23:30:24.274559
imaginaxs.com,AVAILABILITY,domains.txt,2021-06-02 23:30:26.520353
img.hai61.com,AVAILABILITY,domains.txt,2021-06-02 23:30:34.452368
imzahrwl.xyz,AVAILABILITY,domains.txt,2021-06-02 23:30:41.705965
inaharice.pw,AVAILABILITY,domains.txt,2021-06-02 23:30:43.399304
inastina.pw,AVAILABILITY,domains.txt,2021-06-02 23:30:45.091875
insupposity.info,AVAILABILITY,domains.txt,2021-06-02 23:30:47.947097
inxy.run,AVAILABILITY,domains.txt,2021-06-02 23:30:49.872329
jeeshapi.net,AVAILABILITY,domains.txt,2021-06-02 23:30:57.606688
jetinteraktif.com,AVAILABILITY,domains.txt,2021-06-02 23:30:59.301503
jingavot.com,AVAILABILITY,domains.txt,2021-06-02 23:31:00.925609
joheeptaicat.com,AVAILABILITY,domains.txt,2021-06-02 23:31:02.868963
jomys.xyz,AVAILABILITY,domains.txt,2021-06-02 23:31:05.794428
joralei.pw,AVAILABILITY,domains.txt,2021-06-02 23:31:07.774613
jorjodika.com,AVAILABILITY,domains.txt,2021-06-02 23:31:09.385298
jpabviwck.com,AVAILABILITY,domains.txt,2021-06-02 23:31:11.030373
jpmyudcnpgl.com,AVAILABILITY,domains.txt,2021-06-02 23:31:12.616024
jsybwjivrlhx.com,AVAILABILITY,domains.txt,2021-06-02 23:31:17.860351
jujzh9va.com,AVAILABILITY,domains.txt,2021-06-02 23:31:19.681237
jump.fhoa365.com,AVAILABILITY,domains.txt,2021-06-02 23:31:26.428291
kaidop.com,AVAILABILITY,domains.txt,2021-06-02 23:31:28.774720
kaukoafa.net,AVAILABILITY,domains.txt,2021-06-02 23:31:31.371935
keaven.pw,AVAILABILITY,domains.txt,2021-06-02 23:31:33.333565
kelris.pw,AVAILABILITY,domains.txt,2021-06-02 23:31:35.562442
ketapang.biz,AVAILABILITY,domains.txt,2021-06-02 23:31:37.335134
khlgauqt2000.com,AVAILABILITY,domains.txt,2021-06-02 23:31:39.341471
klaudicustors.info,AVAILABILITY,domains.txt,2021-06-02 23:31:44.178238
koapsooh.click,AVAILABILITY,domains.txt,2021-06-02 23:31:46.080536
kuchebraska.com,AVAILABILITY,domains.txt,2021-06-02 23:31:48.596411
kulahchathuk.info,AVAILABILITY,domains.txt,2021-06-02 23:31:50.744438
kurkizraka.com,AVAILABILITY,domains.txt,2021-06-02 23:31:52.405607
lacendhers.info,AVAILABILITY,domains.txt,2021-06-02 23:31:54.790713
lansdaleweare.com,AVAILABILITY,domains.txt,2021-06-02 23:31:56.708213
lasimakiz.xyz,AVAILABILITY,domains.txt,2021-06-02 23:31:58.794112
lelexw.com,AVAILABILITY,domains.txt,2021-06-02 23:32:00.809377
letsdoarbitrage.com,AVAILABILITY,domains.txt,2021-06-02 23:32:02.821017
liacyne.pw,AVAILABILITY,domains.txt,2021-06-02 23:32:05.325184
liktirov.com,AVAILABILITY,domains.txt,2021-06-02 23:32:07.440360
limelightovp3.creatorcloud.netdna-cdn.com,AVAILABILITY,domains.txt,2021-06-02 23:32:08.690765
lkhkeviyctneka.com,AVAILABILITY,domains.txt,2021-06-02 23:32:12.305066
llgerege.com,AVAILABILITY,domains.txt,2021-06-02 23:32:13.884796
logger.pw,AVAILABILITY,domains.txt,2021-06-02 23:32:16.665743
lovacmar.click,AVAILABILITY,domains.txt,2021-06-02 23:32:19.143224
lutereum.com,AVAILABILITY,domains.txt,2021-06-02 23:32:21.549476
lwnne.cn,AVAILABILITY,domains.txt,2021-06-02 23:32:24.584530
lygshgj.com,AVAILABILITY,domains.txt,2021-06-02 23:32:26.165021
lzwla.top,AVAILABILITY,domains.txt,2021-06-02 23:32:29.020594
m3haw43xxuiai.win,AVAILABILITY,domains.txt,2021-06-02 23:32:30.787354
m3hywq3xaias4u.download,AVAILABILITY,domains.txt,2021-06-02 23:32:33.006805
majoritishbettes.info,AVAILABILITY,domains.txt,2021-06-02 23:32:38.806796
maraukog.info,AVAILABILITY,domains.txt,2021-06-02 23:32:41.865031
maxdeportv.club,AVAILABILITY,domains.txt,2021-06-02 23:32:45.417593
mechangesee.club,AVAILABILITY,domains.txt,2021-06-02 23:32:52.581118
megafilmeshd21.tk,AVAILABILITY,domains.txt,2021-06-02 23:33:03.983034
megappu.com,AVAILABILITY,domains.txt,2021-06-02 23:33:05.671365
mengchengbao.com,AVAILABILITY,domains.txt,2021-06-02 23:33:07.919638
mglink.me,AVAILABILITY,domains.txt,2021-06-02 23:33:11.910360
mgti1kofb8.com,AVAILABILITY,domains.txt,2021-06-02 23:33:13.447213
miakalyn.pw,AVAILABILITY,domains.txt,2021-06-02 23:33:15.630875
miastina.pw,AVAILABILITY,domains.txt,2021-06-02 23:33:17.704992
milerenronbet.club,AVAILABILITY,domains.txt,2021-06-02 23:33:19.478813
milparota.com,AVAILABILITY,domains.txt,2021-06-02 23:33:21.040298
miracan.pw,AVAILABILITY,domains.txt,2021-06-02 23:33:23.144630
m.maidiankeji.org,AVAILABILITY,domains.txt,2021-06-02 23:33:30.805083
mobileoffers-cb-download.com,AVAILABILITY,domains.txt,2021-06-02 23:33:33.016113
moviesrox.tech,AVAILABILITY,domains.txt,2021-06-02 23:33:37.286052
ms.awqsaged.cn,AVAILABILITY,domains.txt,2021-06-02 23:33:39.883978
mse2v5oglm.com,AVAILABILITY,domains.txt,2021-06-02 23:33:41.595004
mutualvehemence.com,AVAILABILITY,domains.txt,2021-06-02 23:33:44.581820
myadshub.com,AVAILABILITY,domains.txt,2021-06-02 23:33:47.787171
n156adserv.com,AVAILABILITY,domains.txt,2021-06-02 23:33:51.371667
naetoris.pw,AVAILABILITY,domains.txt,2021-06-02 23:33:53.338872
namitol.com,AVAILABILITY,domains.txt,2021-06-02 23:33:55.127056
nauchegy.link,AVAILABILITY,domains.txt,2021-06-02 23:33:57.546813
neecnuaa.com,AVAILABILITY,domains.txt,2021-06-02 23:33:59.433657
nepsauss.net,AVAILABILITY,domains.txt,2021-06-02 23:34:01.636564
newjunads.com,AVAILABILITY,domains.txt,2021-06-02 23:34:03.655399
newmonads.com,AVAILABILITY,domains.txt,2021-06-02 23:34:05.370368
nhsrv.cf,AVAILABILITY,domains.txt,2021-06-02 23:34:09.836731
nigrebud.net,AVAILABILITY,domains.txt,2021-06-02 23:34:11.548909
nimdinb.com,AVAILABILITY,domains.txt,2021-06-02 23:34:13.390133
nittlopp.online,AVAILABILITY,domains.txt,2021-06-02 23:34:15.317471
nlyqwlyykvjl.com,AVAILABILITY,domains.txt,2021-06-02 23:34:17.078022
nnd.xyssp.com,AVAILABILITY,domains.txt,2021-06-02 23:34:18.799961
nornelis.pw,AVAILABILITY,domains.txt,2021-06-02 23:34:21.801631
nvoepbzqtn.com,AVAILABILITY,domains.txt,2021-06-02 23:34:24.639728
obaizahshita.info,AVAILABILITY,domains.txt,2021-06-02 23:34:27.816664
oddomane.com,AVAILABILITY,domains.txt,2021-06-02 23:34:29.669065
odrftytjmozxsfwnlw.bid,AVAILABILITY,domains.txt,2021-06-02 23:34:32.286235
offergo.net,AVAILABILITY,domains.txt,2021-06-02 23:34:34.697730
ohleiludieje.info,AVAILABILITY,domains.txt,2021-06-02 23:34:37.146440
oiqheoiwgnqiweoj.bid,AVAILABILITY,domains.txt,2021-06-02 23:34:38.890171
ololen.pw,AVAILABILITY,domains.txt,2021-06-02 23:34:41.137338
omaceran.pw,AVAILABILITY,domains.txt,2021-06-02 23:34:43.249217
opetation.pro,AVAILABILITY,domains.txt,2021-06-02 23:34:50.437188
ouloutso.net,AVAILABILITY,domains.txt,2021-06-02 23:34:56.173325
ov2ochu.bid,AVAILABILITY,domains.txt,2021-06-02 23:35:00.842634
ovgzbnjj.com,AVAILABILITY,domains.txt,2021-06-02 23:35:02.723138
ox-d.adobe.com,AVAILABILITY,domains.txt,2021-06-02 23:35:04.111144
paclitor.com,AVAILABILITY,domains.txt,2021-06-02 23:35:06.676042
parentelement.cf,AVAILABILITY,domains.txt,2021-06-02 23:35:11.465507
parentelement.tk,AVAILABILITY,domains.txt,2021-06-02 23:35:14.506078
partuise.info,AVAILABILITY,domains.txt,2021-06-02 23:35:20.432289
paupepsu.click,AVAILABILITY,domains.txt,2021-06-02 23:35:22.497344
pbttxbna.com,AVAILABILITY,domains.txt,2021-06-02 23:35:25.646572
pectors.info,AVAILABILITY,domains.txt,2021-06-02 23:35:28.873199
perkas.pw,AVAILABILITY,domains.txt,2021-06-02 23:35:31.984933
perren.xyz,AVAILABILITY,domains.txt,2021-06-02 23:35:34.454885
pingtopingsrv117.life,AVAILABILITY,domains.txt,2021-06-02 23:35:39.184373
pingtopingsrv121.life,AVAILABILITY,domains.txt,2021-06-02 23:35:41.092184
pingtopingsrv125.life,AVAILABILITY,domains.txt,2021-06-02 23:35:42.942489
pingtopingsrv126.life,AVAILABILITY,domains.txt,2021-06-02 23:35:44.415342
pingtopingsrv127.life,AVAILABILITY,domains.txt,2021-06-02 23:35:45.920083
pingtopingsrv138.life,AVAILABILITY,domains.txt,2021-06-02 23:35:48.011112
pingtopingsrv142.life,AVAILABILITY,domains.txt,2021-06-02 23:35:49.731305
pingtopingsrv144.life,AVAILABILITY,domains.txt,2021-06-02 23:35:51.358560
pingtopingsrv146.life,AVAILABILITY,domains.txt,2021-06-02 23:35:52.908394
pingtopingsrv27.life,AVAILABILITY,domains.txt,2021-06-02 23:35:55.944973
pingtopingsrv39.life,AVAILABILITY,domains.txt,2021-06-02 23:35:58.457858
pingtopingsrv41.life,AVAILABILITY,domains.txt,2021-06-02 23:36:00.188166
pingtopingsrv47.life,AVAILABILITY,domains.txt,2021-06-02 23:36:02.114230
pingtopingsrv57.life,AVAILABILITY,domains.txt,2021-06-02 23:36:04.407910
pingtopingsrv58.life,AVAILABILITY,domains.txt,2021-06-02 23:36:05.940266
pingtopingsrv5.life,AVAILABILITY,domains.txt,2021-06-02 23:36:07.571277
pingtopingsrv6.life,AVAILABILITY,domains.txt,2021-06-02 23:36:10.091928
pingtopingsrv73.life,AVAILABILITY,domains.txt,2021-06-02 23:36:11.893851
pingtopingsrv79.life,AVAILABILITY,domains.txt,2021-06-02 23:36:13.754316
pingtopingsrv7.life,AVAILABILITY,domains.txt,2021-06-02 23:36:15.307548
pingtopingsrv84.life,AVAILABILITY,domains.txt,2021-06-02 23:36:17.105376
pingtopingsrv90.life,AVAILABILITY,domains.txt,2021-06-02 23:36:19.043178
pingtopingsrv93.life,AVAILABILITY,domains.txt,2021-06-02 23:36:20.804085
poazoanu.com,AVAILABILITY,domains.txt,2021-06-02 23:36:28.270891
pomtiy.com,AVAILABILITY,domains.txt,2021-06-02 23:36:29.989992
poprush.net,AVAILABILITY,domains.txt,2021-06-02 23:36:33.130583
poratav.com,AVAILABILITY,domains.txt,2021-06-02 23:36:36.290985
pornstreams.eu,AVAILABILITY,domains.txt,2021-06-02 23:36:38.895948
post.7p.com,AVAILABILITY,domains.txt,2021-06-02 23:36:40.779296
premiumpushnotification.com,AVAILABILITY,domains.txt,2021-06-02 23:36:44.517144
prikolizdesa.com,AVAILABILITY,domains.txt,2021-06-02 23:36:47.317069
privacy-guard.tk,AVAILABILITY,domains.txt,2021-06-02 23:36:50.032588
promo.bongacash.com,AVAILABILITY,domains.txt,2021-06-02 23:36:53.248463
psonstrentie.info,AVAILABILITY,domains.txt,2021-06-02 23:36:59.203474
ptashibu.com,AVAILABILITY,domains.txt,2021-06-02 23:37:01.336806
ptikeegno.com,AVAILABILITY,domains.txt,2021-06-02 23:37:03.018167
ptocmaux.com,AVAILABILITY,domains.txt,2021-06-02 23:37:05.018508
pukrazopchatka.com,AVAILABILITY,domains.txt,2021-06-02 23:37:07.129527
pussl13.com,AVAILABILITY,domains.txt,2021-06-02 23:37:13.525527
pussl2.com,AVAILABILITY,domains.txt,2021-06-02 23:37:15.351745
pussl9.com,AVAILABILITY,domains.txt,2021-06-02 23:37:17.287017
pyraming.com,AVAILABILITY,domains.txt,2021-06-02 23:37:19.505435
pzuth.cn,AVAILABILITY,domains.txt,2021-06-02 23:37:21.962291
q8eqh.top,AVAILABILITY,domains.txt,2021-06-02 23:37:24.832180
qaquzakalaka.com,AVAILABILITY,domains.txt,2021-06-02 23:37:26.777673
qawiman.com,AVAILABILITY,domains.txt,2021-06-02 23:37:28.449029
qd.maskbaby.com.cn,AVAILABILITY,domains.txt,2021-06-02 23:37:35.879422
qenprsuoashu.com,AVAILABILITY,domains.txt,2021-06-02 23:37:37.555725
qiroris.pw,AVAILABILITY,domains.txt,2021-06-02 23:37:40.191340
qkpcihpo16.com,AVAILABILITY,domains.txt,2021-06-02 23:37:42.249064
ralkipa.info,AVAILABILITY,domains.txt,2021-06-02 23:37:46.308565
ralozorwyn.pw,AVAILABILITY,domains.txt,2021-06-02 23:37:48.359424
ravalynn.pw,AVAILABILITY,domains.txt,2021-06-02 23:37:50.608146
remotefilez.info,AVAILABILITY,domains.txt,2021-06-02 23:37:55.816842
reqpostanza.com,AVAILABILITY,domains.txt,2021-06-02 23:37:58.541856
reseireejoch.info,AVAILABILITY,domains.txt,2021-06-02 23:38:00.817022
ritogaga.com,AVAILABILITY,domains.txt,2021-06-02 23:38:10.879555
s7c66wkh8k.com,AVAILABILITY,domains.txt,2021-06-02 23:38:20.650969
s.95105012.com,AVAILABILITY,domains.txt,2021-06-02 23:38:22.864009
sarjor.pw,AVAILABILITY,domains.txt,2021-06-02 23:38:25.267377
scriptall.tk,AVAILABILITY,domains.txt,2021-06-02 23:38:29.374746
search2000s.com,AVAILABILITY,domains.txt,2021-06-02 23:38:31.306552
senolati.com,AVAILABILITY,domains.txt,2021-06-02 23:38:35.561793
serverflox.online,AVAILABILITY,domains.txt,2021-06-02 23:38:38.238305
settsoily.info,AVAILABILITY,domains.txt,2021-06-02 23:38:40.916474
sfo.xsgfhkwd.date,AVAILABILITY,domains.txt,2021-06-02 23:39:23.305813
sgcdn.duplomediaas.netdna-cdn.com,AVAILABILITY,domains.txt,2021-06-02 23:39:24.616221
sheenami.net,AVAILABILITY,domains.txt,2021-06-02 23:39:26.062258
shftscdisov.com,AVAILABILITY,domains.txt,2021-06-02 23:39:27.716077
shmonekisot.com,AVAILABILITY,domains.txt,2021-06-02 23:39:29.546807
sisney.net,AVAILABILITY,domains.txt,2021-06-02 23:39:41.785844
smentcirrhoea.club,AVAILABILITY,domains.txt,2021-06-02 23:39:44.639022
sohjah-thahka.info,AVAILABILITY,domains.txt,2021-06-02 23:39:48.631994
sp96878.com,AVAILABILITY,domains.txt,2021-06-02 23:39:51.144435
speedlinkdown.com,AVAILABILITY,domains.txt,2021-06-02 23:39:53.871311
s.polkoa.com,AVAILABILITY,domains.txt,2021-06-02 23:39:55.812100
ssl4anyone2.com,AVAILABILITY,domains.txt,2021-06-02 23:39:58.422018
ssl4anyone5.com,AVAILABILITY,domains.txt,2021-06-02 23:39:59.846418
sslenable.review,AVAILABILITY,domains.txt,2021-06-02 23:40:01.442008
ssraju3n.com,AVAILABILITY,domains.txt,2021-06-02 23:40:03.409820
static.freedlsoftware.com,AVAILABILITY,domains.txt,2021-06-02 23:40:09.675996
stoomeddert.info,AVAILABILITY,domains.txt,2021-06-02 23:40:14.970196
stovoudu.com,AVAILABILITY,domains.txt,2021-06-02 23:40:17.219508
suggedin.info,AVAILABILITY,domains.txt,2021-06-02 23:40:21.071530
synhandler.net,AVAILABILITY,domains.txt,2021-06-02 23:40:27.835671
tauptaup.com,AVAILABILITY,domains.txt,2021-06-02 23:40:32.888460
t.booksuper.info,AVAILABILITY,domains.txt,2021-06-02 23:40:34.490171
tenlokif.com,AVAILABILITY,domains.txt,2021-06-02 23:40:36.846107
terepran.com,AVAILABILITY,domains.txt,2021-06-02 23:40:38.805064
textreason.com,AVAILABILITY,domains.txt,2021-06-02 23:40:41.225550
thefaren.pw,AVAILABILITY,domains.txt,2021-06-02 23:40:43.814495
thehice.xyz,AVAILABILITY,domains.txt,2021-06-02 23:40:45.909472
theiphaeraer.info,AVAILABILITY,domains.txt,2021-06-02 23:40:48.026430
thenelis.pw,AVAILABILITY,domains.txt,2021-06-02 23:40:50.426478
thewebanswers.com,AVAILABILITY,domains.txt,2021-06-02 23:40:52.544352
thiksikr.com,AVAILABILITY,domains.txt,2021-06-02 23:40:54.348345
tijorari.com,AVAILABILITY,domains.txt,2021-06-02 23:40:56.273344
tommysdream.net,AVAILABILITY,domains.txt,2021-06-02 23:41:01.572910
topacity.info,AVAILABILITY,domains.txt,2021-06-02 23:41:04.454078
topjlinks.com,AVAILABILITY,domains.txt,2021-06-02 23:41:06.845815
trynull.ga,AVAILABILITY,domains.txt,2021-06-02 23:41:18.674225
ttkx.qyctj.com,AVAILABILITY,domains.txt,2021-06-02 23:41:21.566972
tuscrity.info,AVAILABILITY,domains.txt,2021-06-02 23:41:26.047705
tweowhvrim.review,AVAILABILITY,domains.txt,2021-06-02 23:41:30.400361
u8vysb7s2v.com,AVAILABILITY,domains.txt,2021-06-02 23:41:39.012744
ubdwc.com,AVAILABILITY,domains.txt,2021-06-02 23:41:40.762069
ufraton.com,AVAILABILITY,domains.txt,2021-06-02 23:41:42.710594
ugabuga.icu,AVAILABILITY,domains.txt,2021-06-02 23:41:45.124241
ujoongeilaej.info,AVAILABILITY,domains.txt,2021-06-02 23:41:49.793552
ukdtx.31202.fun,AVAILABILITY,domains.txt,2021-06-02 23:41:51.525196
umekian.pw,AVAILABILITY,domains.txt,2021-06-02 23:41:53.853363
unknownads.com,AVAILABILITY,domains.txt,2021-06-02 23:41:56.352186
uqie4nzy.com,AVAILABILITY,domains.txt,2021-06-02 23:42:05.391384
urifiel.pw,AVAILABILITY,domains.txt,2021-06-02 23:42:07.475480
uriqirelle.xyz,AVAILABILITY,domains.txt,2021-06-02 23:42:09.561097
uroidgcc.com,AVAILABILITY,domains.txt,2021-06-02 23:42:12.182472
usenetoffer.download,AVAILABILITY,domains.txt,2021-06-02 23:42:14.788863
uss1star.com,AVAILABILITY,domains.txt,2021-06-02 23:42:16.735420
utorido.com,AVAILABILITY,domains.txt,2021-06-02 23:42:19.117515
v1n7c.com,AVAILABILITY,domains.txt,2021-06-02 23:42:20.905962
vergestatic.com,AVAILABILITY,domains.txt,2021-06-02 23:42:24.544919
vestlitt.online,AVAILABILITY,domains.txt,2021-06-02 23:42:27.700917
vetermsu.info,AVAILABILITY,domains.txt,2021-06-02 23:42:29.478025
vm.timeinabottle.pw,AVAILABILITY,domains.txt,2021-06-02 23:42:34.555469
voxmovies.online,AVAILABILITY,domains.txt,2021-06-02 23:42:37.526278
w13qh.cn,AVAILABILITY,domains.txt,2021-06-02 23:42:41.494242
walasearch.com,AVAILABILITY,domains.txt,2021-06-02 23:42:44.331878
wateranik.com,AVAILABILITY,domains.txt,2021-06-02 23:42:46.426666
wauzoust.com,AVAILABILITY,domains.txt,2021-06-02 23:42:48.433885
wbpal.com,AVAILABILITY,domains.txt,2021-06-02 23:42:50.191732
wegoo.pw,AVAILABILITY,domains.txt,2021-06-02 23:42:55.459091
westatess.info,AVAILABILITY,domains.txt,2021-06-02 23:42:57.817868
wheelches.info,AVAILABILITY,domains.txt,2021-06-02 23:42:59.592258
whoisyourd3.live,AVAILABILITY,domains.txt,2021-06-02 23:43:01.321072
winderline.win,AVAILABILITY,domains.txt,2021-06-02 23:43:05.284241
w.picsinfog.com,AVAILABILITY,domains.txt,2021-06-02 23:43:10.535237
wranjeon.xyz,AVAILABILITY,domains.txt,2021-06-02 23:43:13.022144
wrmcfyzl.com,AVAILABILITY,domains.txt,2021-06-02 23:43:14.609718
wtdtjs.club,AVAILABILITY,domains.txt,2021-06-02 23:43:17.057259
wtdtjs.rocks,AVAILABILITY,domains.txt,2021-06-02 23:43:18.921803
wysara.pw,AVAILABILITY,domains.txt,2021-06-02 23:43:24.231221
xcouj.com,AVAILABILITY,domains.txt,2021-06-02 23:43:27.591882
xeozir.com,AVAILABILITY,domains.txt,2021-06-02 23:43:29.455205
xffljxbbpy.com,AVAILABILITY,domains.txt,2021-06-02 23:43:31.332495
xilfqkxezy.com,AVAILABILITY,domains.txt,2021-06-02 23:43:33.151994
xk0x.cn,AVAILABILITY,domains.txt,2021-06-02 23:43:35.660277
xq0wju848zr.ga,AVAILABILITY,domains.txt,2021-06-02 23:43:45.505810
xqkzsifxgv.com,AVAILABILITY,domains.txt,2021-06-02 23:43:47.274446
y5wflt0xibmoufuvsayg1efy80yq0ystkjncf76cqm.com,AVAILABILITY,domains.txt,2021-06-02 23:43:50.450606
yaboshadi.com,AVAILABILITY,domains.txt,2021-06-02 23:43:52.226656
yeshoutuan.cn,AVAILABILITY,domains.txt,2021-06-02 23:43:55.418363
yesra.xyz,AVAILABILITY,domains.txt,2021-06-02 23:43:57.784549
yllanala.pw,AVAILABILITY,domains.txt,2021-06-02 23:44:01.097406
ynopkisq.com,AVAILABILITY,domains.txt,2021-06-02 23:44:03.271745
yxtwx.cn,AVAILABILITY,domains.txt,2021-06-02 23:44:07.761673
z6vmw.top,AVAILABILITY,domains.txt,2021-06-02 23:44:10.525805
zepozipo.com,AVAILABILITY,domains.txt,2021-06-02 23:44:13.357153
zhuyuanp.club,AVAILABILITY,domains.txt,2021-06-02 23:44:15.518743
zhuyuanp.top,AVAILABILITY,domains.txt,2021-06-02 23:44:18.244658
zinlar.pw,AVAILABILITY,domains.txt,2021-06-02 23:44:20.277736
zirobata.com,AVAILABILITY,domains.txt,2021-06-02 23:44:22.594557
zjk24.com,AVAILABILITY,domains.txt,2021-06-02 23:44:24.250873
zorbikala.com,AVAILABILITY,domains.txt,2021-06-02 23:44:27.524064
zortinah.com,AVAILABILITY,domains.txt,2021-06-02 23:44:29.233394
zostofou.link,AVAILABILITY,domains.txt,2021-06-02 23:44:31.061609
zumhice.pw,AVAILABILITY,domains.txt,2021-06-02 23:44:33.545880
zusrd.cn,AVAILABILITY,domains.txt,2021-06-02 23:44:36.226903
zxwiejfbyr.com,AVAILABILITY,domains.txt,2021-06-02 23:44:38.024092
www.mypdns.org,AVAILABILITY,test.list,2021-06-02 23:52:22.652940
failure.is.the.only.option.mypdns.org,AVAILABILITY,test.list,2021-06-02 23:53:11.437479
_ldap._tcp.example.org,AVAILABILITY,test.list,2021-06-02 23:53:13.917414
_ldap._tcp.example.net,AVAILABILITY,test.list,2021-06-02 23:53:15.579648
_ldap._tcp.example.com,AVAILABILITY,test.list,2021-06-02 23:53:16.909273
_http._tcp.example.org,AVAILABILITY,test.list,2021-06-02 23:53:18.263105
_http._tcp.example.net,AVAILABILITY,test.list,2021-06-02 23:53:19.593158
_http._tcp.example.com,AVAILABILITY,test.list,2021-06-02 23:53:20.921130
invalid.invalid,AVAILABILITY,test.list,2021-06-02 23:53:21.186212
failed/syntax-test,AVAILABILITY,test.list,2021-06-02 23:53:21.197457
1120067982.world,AVAILABILITY,test.list,2021-06-02 23:53:26.231269
1220057982.world,AVAILABILITY,test.list,2021-06-02 23:53:27.602464
360safe.xn--com-5ma.cn,AVAILABILITY,test.list,2021-06-02 23:53:41.821534
4dle.info,AVAILABILITY,test.list,2021-06-02 23:53:43.492167
